title;start;cm_iteration_max;cm_nash_mode;regipol;cm_coalExitRegi;regionmapping;CES_parameters;cm_bioenergy_tax;cm_rcp_scen;cm_iterative_target_adj;cm_nash_autoconverge;cm_iteration_max;c_budgetCO2;carbonprice;cm_co2_tax_2020;cm_peakBudgYr;cm_regiCO2target;cm_ccsfosall;cm_taxCO2inc_after_peakBudgYr;climate;cm_CO2priceRegConvEndYr;cm_emiscen;cm_earlyreti_rate;cm_fetaxscen;cm_co2_tax_growth;cm_bioenergymaxscen;c_ccsinjecratescen;c_ccscapratescen;techpol;cm_POPscen;cm_GDPscen;cm_oil_scen;cm_gas_scen;cm_coal_scen;c_techAssumptScen;cm_nucscen;cm_so2tax_scen;cm_multigasscen;cm_OILRETIRE;cm_LU_emi_scen;cm_tradecost_bio;cm_1stgen_phaseout;c_SSP_forcing_adjust;cm_APscen;cm_startyear;path_gdx;path_gdx_ref;path_gdx_bau;path_gdx_opt
SSP2-Base;0;100;parallel;none;none;./config/regionmappingH12.csv;load;1.5;none;0;1;1;0;none;-1;2100;;on;3;magicc;2050;1;0.09;3;1.05;0;1;1;none;pop_SSP2;gdp_SSP2;medOil;medGas;medCoal;1;2;1;2;off;SSP2;2;0;forcing_SSP2;SSP2;2005;./config/input.gdx;;;
SSP2-NDC;0;100;parallel;none;none;./config/regionmappingH12.csv;load;1.5;rcp45;3;1;1;0;NDC2018;1;2100;;on;3;off;2050;9;0.09;3;1.05;0;1;1;NDC2018;pop_SSP2;gdp_SSP2;medOil;medGas;medCoal;1;2;1;3;off;SSP2;2;0;forcing_SSP2;SSP2;2015;./config/input.gdx;./output/SSP2-Base_2020-01-30_16.15.13/fulldata.gdx;./output/SSP2-Base_2020-01-30_16.15.13/fulldata.gdx;
SSP2-Npi_regiCoalExit_on_none;0;100;parallel;regiCoalExit;none;./config/regionmappingH12.csv;load;1.5;rcp45;3;1;1;0;NPi2018;1;2100;;on;3;magicc;2050;9;0.09;3;1.05;0;1;1;NPi2018;pop_SSP2;gdp_SSP2;medOil;medGas;medCoal;1;2;1;3;off;SSP2;2;0;forcing_SSP2;SSP2;2025;./config/input.gdx;./output/SSP2-Base_2020-01-30_16.15.13/fulldata.gdx;./output/SSP2-Base_2020-01-30_16.15.13/fulldata.gdx;
SSP2-Npi;0;100;parallel;none;none;./config/regionmappingH12.csv;load;1.5;rcp45;3;1;1;0;NPi2018;1;2100;;on;3;off;2050;9;0.09;3;1.05;0;1;1;NPi2018;pop_SSP2;gdp_SSP2;medOil;medGas;medCoal;1;2;1;3;off;SSP2;2;0;forcing_SSP2;SSP2;2025;./config/input.gdx;./output/SSP2-Base_2020-01-30_16.15.13/fulldata.gdx;./output/SSP2-Base_2020-01-30_16.15.13/fulldata.gdx;
SSP2-Npi_regiCarbonPrice;0;100;parallel;regiCarbonPrice;none;./config/regionmappingH12.csv;load;1.5;rcp45;3;1;1;0;NPi2018;1;2100;2050.EUR.year.netCO2 0.7, 2050.USA.year.grossFFaI 1.0;on;3;off;2050;9;0.09;3;1.05;0;1;1;NPi2018;pop_SSP2;gdp_SSP2;medOil;medGas;medCoal;1;2;1;3;off;SSP2;2;0;forcing_SSP2;SSP2;2025;./config/input.gdx;./output/SSP2-Base_2020-01-30_16.15.13/fulldata.gdx;./output/SSP2-Base_2020-01-30_16.15.13/fulldata.gdx;
SSP2-coalSupplyExit-Npi-1e4;0;100;parallel;regiCoalExit;supply-1e4;./config/regionmappingH12.csv;load;1.5;rcp45;3;1;1;0;NPi2018;1;2100;;on;3;off;2050;9;0.09;3;1.05;0;1;1;NPi2018;pop_SSP2;gdp_SSP2;medOil;medGas;medCoal;1;2;1;3;off;SSP2;2;0;forcing_SSP2;SSP2;2015;./config/input.gdx;./output/SSP2-Npi_2020-02-05_18.59.15/fulldata.gdx;./output/SSP2-Base_2020-01-30_16.15.13/fulldata.gdx;./output/SSP2-Budg600_2020-02-06_14.35.52/fulldata.gdx
SSP2-coalSupplyExit-50pc-Npi-1e4;0;300;parallel;regiCoalExit;supply50pc-1e4;./config/regionmappingH12.csv;load;1.5;rcp45;3;0;1;0;NPi2018;1;2100;;on;3;off;2050;9;0.09;3;1.05;0;1;1;NPi2018;pop_SSP2;gdp_SSP2;medOil;medGas;medCoal;1;2;1;3;off;SSP2;2;0;forcing_SSP2;SSP2;2015;./config/input.gdx;./output/SSP2-Npi_2020-02-05_18.59.15/fulldata.gdx;./output/SSP2-Base_2020-01-30_16.15.13/fulldata.gdx;./output/SSP2-Budg600_2020-02-06_14.35.52/fulldata.gdx
SSP2-coalSupplyExit-5pc-Npi-1e4;0;300;parallel;regiCoalExit;supply50pc-1e4;./config/regionmappingH12.csv;load;1.5;rcp45;3;0;1;0;NPi2018;1;2100;;on;3;off;2050;9;0.09;3;1.05;0;1;1;NPi2018;pop_SSP2;gdp_SSP2;medOil;medGas;medCoal;1;2;1;3;off;SSP2;2;0;forcing_SSP2;SSP2;2015;SSP2-coalSupplyExit-50pc-Npi-1e4;./output/SSP2-Npi_2020-02-05_18.59.15/fulldata.gdx;./output/SSP2-Base_2020-01-30_16.15.13/fulldata.gdx;./output/SSP2-Budg600_2020-02-06_14.35.52/fulldata.gdx
SSP2-coalSupplyExit-Bud600-Npi;0;300;parallel;regiCoalExit;supply-Bud600;./config/regionmappingH12.csv;load;1.5;rcp45;3;1;1;0;NPi2018;1;2100;;on;3;off;2050;9;0.09;3;1.05;0;1;1;NPi2018;pop_SSP2;gdp_SSP2;medOil;medGas;medCoal;1;2;1;3;off;SSP2;2;0;forcing_SSP2;SSP2;2015;./config/input.gdx;./output/SSP2-Npi_2020-02-05_18.59.15/fulldata.gdx;./output/SSP2-Base_2020-01-30_16.15.13/fulldata.gdx;./output/SSP2-Budg600_2020-02-06_14.35.52/fulldata.gdx
SSP2-coalSupplyExit-50pc-Bud600-Npi;0;100;parallel;regiCoalExit;supply50pc-Bud600;./config/regionmappingH12.csv;load;1.5;rcp45;3;1;1;0;NPi2018;1;2100;;on;3;off;2050;9;0.09;3;1.05;0;1;1;NPi2018;pop_SSP2;gdp_SSP2;medOil;medGas;medCoal;1;2;1;3;off;SSP2;2;0;forcing_SSP2;SSP2;2015;./config/input.gdx;./output/SSP2-Npi_2020-02-05_18.59.15/fulldata.gdx;./output/SSP2-Base_2020-01-30_16.15.13/fulldata.gdx;./output/SSP2-Budg600_2020-02-06_14.35.52/fulldata.gdx
SSP2-coalDemandExit-PPCAreg-B600-Npi;0;100;parallel;regiCoalExit;demand-PPCA-B600;./config/regionmappingH12.csv;load;1.5;rcp45;3;1;1;0;NPi2018;1;2100;;on;3;off;2050;9;0.09;3;1.05;0;1;1;NPi2018;pop_SSP2;gdp_SSP2;medOil;medGas;medCoal;1;2;1;3;off;SSP2;2;0;forcing_SSP2;SSP2;2015;./config/input.gdx;./output/SSP2-Npi_2020-02-05_18.59.15/fulldata.gdx;./output/SSP2-Base_2020-01-30_16.15.13/fulldata.gdx;./output/SSP2-Budg600_2020-02-06_14.35.52/fulldata.gdx
SSP2-coalDemandExit-PPCAreg50pc-B600-Npi;0;100;parallel;regiCoalExit;demand-PPCA50pc-B600;./config/regionmappingH12.csv;load;1.5;rcp45;3;1;1;0;NPi2018;1;2100;;on;3;off;2050;9;0.09;3;1.05;0;1;1;NPi2018;pop_SSP2;gdp_SSP2;medOil;medGas;medCoal;1;2;1;3;off;SSP2;2;0;forcing_SSP2;SSP2;2015;./config/input.gdx;./output/SSP2-Npi_2020-02-05_18.59.15/fulldata.gdx;./output/SSP2-Base_2020-01-30_16.15.13/fulldata.gdx;./output/SSP2-Budg600_2020-02-06_14.35.52/fulldata.gdx
SSP2-coalDemandExit-PPCAreg5pc-B600-Npi;0;200;parallel;regiCoalExit;demand-PPCA5pc-B600;./config/regionmappingH12.csv;load;1.5;rcp45;3;0;1;0;NPi2018;1;2100;;on;3;off;2050;9;0.09;3;1.05;0;1;1;NPi2018;pop_SSP2;gdp_SSP2;medOil;medGas;medCoal;1;2;1;3;off;SSP2;2;0;forcing_SSP2;SSP2;2015;./config/input.gdx;./output/SSP2-Npi_2020-02-05_18.59.15/fulldata.gdx;./output/SSP2-Base_2020-01-30_16.15.13/fulldata.gdx;./output/SSP2-Budg600_2020-02-06_14.35.52/fulldata.gdx
SSP2-coalDemandExit-1e4-Npi;0;100;parallel;regiCoalExit;demand-1e4;./config/regionmappingH12.csv;load;1.5;rcp45;3;1;1;0;NPi2018;1;2100;;on;3;off;2050;9;0.09;3;1.05;0;1;1;NPi2018;pop_SSP2;gdp_SSP2;medOil;medGas;medCoal;1;2;1;3;off;SSP2;2;0;forcing_SSP2;SSP2;2015;./config/input.gdx;./output/SSP2-Npi_2020-02-05_18.59.15/fulldata.gdx;./output/SSP2-Base_2020-01-30_16.15.13/fulldata.gdx;./output/SSP2-Budg600_2020-02-06_14.35.52/fulldata.gdx
SSP2-coalDemandExit-PPCAreg-1e4-Npi;0;100;parallel;regiCoalExit;demand-PPCA-1e4;./config/regionmappingH12.csv;load;1.5;rcp45;3;0;1;0;NPi2018;1;2100;;on;3;off;2050;9;0.09;3;1.05;0;1;1;NPi2018;pop_SSP2;gdp_SSP2;medOil;medGas;medCoal;1;2;1;3;off;SSP2;2;0;forcing_SSP2;SSP2;2015;./config/input.gdx;./output/SSP2-Npi_2020-02-05_18.59.15/fulldata.gdx;./output/SSP2-Base_2020-01-30_16.15.13/fulldata.gdx;./output/SSP2-Budg600_2020-02-06_14.35.52/fulldata.gdx
SSP2-coalDemandExit-PPCAreg50pc-1e4-Npi;0;100;parallel;regiCoalExit;demand-PPCA50pc-1e4;./config/regionmappingH12.csv;load;1.5;rcp45;3;1;1;0;NPi2018;1;2100;;on;3;off;2050;9;0.09;3;1.05;0;1;1;NPi2018;pop_SSP2;gdp_SSP2;medOil;medGas;medCoal;1;2;1;3;off;SSP2;2;0;forcing_SSP2;SSP2;2015;./config/input.gdx;./output/SSP2-Npi_2020-02-05_18.59.15/fulldata.gdx;./output/SSP2-Base_2020-01-30_16.15.13/fulldata.gdx;./output/SSP2-Budg600_2020-02-06_14.35.52/fulldata.gdx
SSP2-coalDemandExit-PPCAreg5pc-1e4-Npi;0;100;parallel;regiCoalExit;demand-PPCA5pc-1e4;./config/regionmappingH12.csv;load;1.5;rcp45;3;1;1;0;NPi2018;1;2100;;on;3;off;2050;9;0.09;3;1.05;0;1;1;NPi2018;pop_SSP2;gdp_SSP2;medOil;medGas;medCoal;1;2;1;3;off;SSP2;2;0;forcing_SSP2;SSP2;2015;./output/SSP2-coalDemandExit-PPCAreg5pc-B600-Npi_2020-02-13_22.51.29/fulldata.gdx;./output/SSP2-Npi_2020-02-05_18.59.15/fulldata.gdx;./output/SSP2-Base_2020-01-30_16.15.13/fulldata.gdx;./output/SSP2-Budg600_2020-02-06_14.35.52/fulldata.gdx
SSP2-demand-allregi-Bud600-Npi;0;100;parallel;regiCoalExit;demand_ALL-Bud600;./config/regionmappingH12.csv;load;1.5;rcp45;3;1;1;0;NPi2018;1;2100;;on;3;off;2050;9;0.09;3;1.05;0;1;1;NPi2018;pop_SSP2;gdp_SSP2;medOil;medGas;medCoal;1;2;1;3;off;SSP2;2;0;forcing_SSP2;SSP2;2015;./output/SSP2-NDC_2020-02-04_18.53.40/fulldata.gdx;./output/SSP2-Npi_2020-02-05_18.59.15/fulldata.gdx;./output/SSP2-Base_2020-01-30_16.15.13/fulldata.gdx;./output/SSP2-Budg600_2020-02-06_14.35.52/fulldata.gdx
SSP2-demand-allregi-1e4-Npi;0;300;parallel;regiCoalExit;demand_ALL-1e4;./config/regionmappingH12.csv;load;1.5;rcp45;3;0;1;0;NPi2018;1;2100;;on;3;off;2050;9;0.09;3;1.05;0;1;1;NPi2018;pop_SSP2;gdp_SSP2;medOil;medGas;medCoal;1;2;1;3;off;SSP2;2;0;forcing_SSP2;SSP2;2015;./output/SSP2-NDC_2020-02-04_18.53.40/fulldata.gdx;./output/SSP2-Npi_2020-02-05_18.59.15/fulldata.gdx;./output/SSP2-Base_2020-01-30_16.15.13/fulldata.gdx;./output/SSP2-Budg600_2020-02-06_14.35.52/fulldata.gdx
SSP2-demand-allregi-2e4-Npi;0;100;parallel;regiCoalExit;demand_ALL-2e4;./config/regionmappingH12.csv;load;1.5;rcp45;3;0;1;0;NPi2018;1;2100;;on;3;off;2050;9;0.09;3;1.05;0;1;1;NPi2018;pop_SSP2;gdp_SSP2;medOil;medGas;medCoal;1;2;1;3;off;SSP2;2;0;forcing_SSP2;SSP2;2015;./output/SSP2-NDC_2020-02-04_18.53.40/fulldata.gdx;./output/SSP2-Npi_2020-02-05_18.59.15/fulldata.gdx;./output/SSP2-Base_2020-01-30_16.15.13/fulldata.gdx;./output/SSP2-Budg600_2020-02-06_14.35.52/fulldata.gdx
SSP2-demand-allregi-3e4-Npi;0;100;parallel;regiCoalExit;demand_ALL-3e4;./config/regionmappingH12.csv;load;1.5;rcp45;3;0;1;0;NPi2018;1;2100;;on;3;off;2050;9;0.09;3;1.05;0;1;1;NPi2018;pop_SSP2;gdp_SSP2;medOil;medGas;medCoal;1;2;1;3;off;SSP2;2;0;forcing_SSP2;SSP2;2015;./output/SSP2-NDC_2020-02-04_18.53.40/fulldata.gdx;./output/SSP2-Npi_2020-02-05_18.59.15/fulldata.gdx;./output/SSP2-Base_2020-01-30_16.15.13/fulldata.gdx;./output/SSP2-Budg600_2020-02-06_14.35.52/fulldata.gdx
SSP2-demand-allregi-4e4-Npi;0;100;parallel;regiCoalExit;demand_ALL-4e4;./config/regionmappingH12.csv;load;1.5;rcp45;3;0;1;0;NPi2018;1;2100;;on;3;off;2050;9;0.09;3;1.05;0;1;1;NPi2018;pop_SSP2;gdp_SSP2;medOil;medGas;medCoal;1;2;1;3;off;SSP2;2;0;forcing_SSP2;SSP2;2015;./output/SSP2-NDC_2020-02-04_18.53.40/fulldata.gdx;./output/SSP2-Npi_2020-02-05_18.59.15/fulldata.gdx;./output/SSP2-Base_2020-01-30_16.15.13/fulldata.gdx;./output/SSP2-Budg600_2020-02-06_14.35.52/fulldata.gdx
SSP2-demand-allregi-5e4-Npi;0;100;parallel;regiCoalExit;demand_ALL-5e4;./config/regionmappingH12.csv;load;1.5;rcp45;3;0;1;0;NPi2018;1;2100;;on;3;off;2050;9;0.09;3;1.05;0;1;1;NPi2018;pop_SSP2;gdp_SSP2;medOil;medGas;medCoal;1;2;1;3;off;SSP2;2;0;forcing_SSP2;SSP2;2015;./output/SSP2-NDC_2020-02-04_18.53.40/fulldata.gdx;./output/SSP2-Npi_2020-02-05_18.59.15/fulldata.gdx;./output/SSP2-Base_2020-01-30_16.15.13/fulldata.gdx;./output/SSP2-Budg600_2020-02-06_14.35.52/fulldata.gdx
SSP2-PPCAcurrent-Bud600-Npi-ccs;0;100;parallel;regiCoalExit;PPCA_Bud600-ccs;./config/regionmappingH12.csv;load;1.5;rcp45;3;1;1;0;NPi2018;1;2100;;on;3;off;2050;9;0.09;3;1.05;0;1;1;NPi2018;pop_SSP2;gdp_SSP2;medOil;medGas;medCoal;1;2;1;3;off;SSP2;2;0;forcing_SSP2;SSP2;2015;./config/input.gdx;./output/SSP2-Npi_2020-02-05_18.59.15/fulldata.gdx;./output/SSP2-Base_2020-01-30_16.15.13/fulldata.gdx;./output/SSP2-Budg600_2020-02-06_14.35.52/fulldata.gdx
SSP2-PPCAcurrent-1e4-Npi-ccs;0;100;parallel;regiCoalExit;PPCA-1e4-ccs;./config/regionmappingH12.csv;load;1.5;rcp45;3;1;1;0;NPi2018;1;2100;;on;3;off;2050;9;0.09;3;1.05;0;1;1;NPi2018;pop_SSP2;gdp_SSP2;medOil;medGas;medCoal;1;2;1;3;off;SSP2;2;0;forcing_SSP2;SSP2;2015;./config/input.gdx;./output/SSP2-Npi_2020-02-05_18.59.15/fulldata.gdx;./output/SSP2-Base_2020-01-30_16.15.13/fulldata.gdx;./output/SSP2-Budg600_2020-02-06_14.35.52/fulldata.gdx
SSP2-PPCAcurrent-1e5-Npi;0;100;parallel;regiCoalExit;PPCA-1e5;./config/regionmappingH12.csv;load;1.5;rcp45;3;1;1;0;NPi2018;1;2100;;on;3;off;2050;9;0.09;3;1.05;0;1;1;NPi2018;pop_SSP2;gdp_SSP2;medOil;medGas;medCoal;1;2;1;3;off;SSP2;2;0;forcing_SSP2;SSP2;2015;./config/input.gdx;./output/SSP2-Npi_2020-02-05_18.59.15/fulldata.gdx;./output/SSP2-Base_2020-01-30_16.15.13/fulldata.gdx;./output/SSP2-Budg600_2020-02-06_14.35.52/fulldata.gdx
SSP2-PPCA-allregi-Bud600-Npi-ccs;0;100;parallel;regiCoalExit;PPCA_ALL-Bud600-ccs;./config/regionmappingH12.csv;load;1.5;rcp45;3;1;1;0;NPi2018;1;2100;;on;3;off;2050;9;0.09;3;1.05;0;1;1;NPi2018;pop_SSP2;gdp_SSP2;medOil;medGas;medCoal;1;2;1;3;off;SSP2;2;0;forcing_SSP2;SSP2;2015;./config/input.gdx;./output/SSP2-Npi_2020-02-05_18.59.15/fulldata.gdx;./output/SSP2-Base_2020-01-30_16.15.13/fulldata.gdx;./output/SSP2-Budg600_2020-02-06_14.35.52/fulldata.gdx
SSP2-PPCA-allregi-1e4-Npi-ccs;0;100;parallel;regiCoalExit;PPCA_ALL-1e4-ccs;./config/regionmappingH12.csv;load;1.5;rcp45;3;1;1;0;NPi2018;1;2100;;on;3;off;2050;9;0.09;3;1.05;0;1;1;NPi2018;pop_SSP2;gdp_SSP2;medOil;medGas;medCoal;1;2;1;3;off;SSP2;2;0;forcing_SSP2;SSP2;2015;./output/SSP2-PPCA-allregi-Bud600-Npi_2020-02-13_18.17.22/fulldata.gdx;./output/SSP2-Npi_2020-02-05_18.59.15/fulldata.gdx;./output/SSP2-Base_2020-01-30_16.15.13/fulldata.gdx;./output/SSP2-Budg600_2020-02-06_14.35.52/fulldata.gdx
SSP2-PPCA_50pc-Bud600-Npi-ccs;0;100;parallel;regiCoalExit;PPCA_50pc-Bud600-ccs;./config/regionmappingH12.csv;load;1.5;rcp45;3;1;1;0;NPi2018;1;2100;;on;3;off;2050;9;0.09;3;1.05;0;1;1;NPi2018;pop_SSP2;gdp_SSP2;medOil;medGas;medCoal;1;2;1;3;off;SSP2;2;0;forcing_SSP2;SSP2;2015;./output/SSP2-PPCA_50pc-Bud600-Npi_2020-02-13_18.17.23/fulldata.gdx;./output/SSP2-Npi_2020-02-05_18.59.15/fulldata.gdx;./output/SSP2-Base_2020-01-30_16.15.13/fulldata.gdx;./output/SSP2-Budg600_2020-02-06_14.35.52/fulldata.gdx
SSP2-PPCA_5pc-Bud600-Npi-ccs;0;100;parallel;regiCoalExit;PPCA_5pc-Bud600-ccs;./config/regionmappingH12.csv;load;1.5;rcp45;3;1;1;0;NPi2018;1;2100;;on;3;off;2050;9;0.09;3;1.05;0;1;1;NPi2018;pop_SSP2;gdp_SSP2;medOil;medGas;medCoal;1;2;1;3;off;SSP2;2;0;forcing_SSP2;SSP2;2015;./config/input.gdx;./output/SSP2-Npi_2020-02-05_18.59.15/fulldata.gdx;./output/SSP2-Base_2020-01-30_16.15.13/fulldata.gdx;./output/SSP2-Budg600_2020-02-06_14.35.52/fulldata.gdx
SSP2-PPCA_50pc-1e4-Npi-ccs;0;100;parallel;regiCoalExit;PPCA_50pc-1e4-ccs;./config/regionmappingH12.csv;load;1.5;rcp45;3;1;1;0;NPi2018;1;2100;;on;3;off;2050;9;0.09;3;1.05;0;1;1;NPi2018;pop_SSP2;gdp_SSP2;medOil;medGas;medCoal;1;2;1;3;off;SSP2;2;0;forcing_SSP2;SSP2;2015;./output/SSP2-PPCA_50pc-Bud600-Npi_2020-02-13_18.17.23/fulldata.gdx;./output/SSP2-Npi_2020-02-05_18.59.15/fulldata.gdx;./output/SSP2-Base_2020-01-30_16.15.13/fulldata.gdx;./output/SSP2-Budg600_2020-02-06_14.35.52/fulldata.gdx
SSP2-PPCA_5pc-1e4-Npi-ccs;0;300;parallel;regiCoalExit;PPCA_5pc-1e4-ccs;./config/regionmappingH12.csv;load;1.5;rcp45;3;0;1;0;NPi2018;1;2100;;on;3;off;2050;9;0.09;3;1.05;0;1;1;NPi2018;pop_SSP2;gdp_SSP2;medOil;medGas;medCoal;1;2;1;3;off;SSP2;2;0;forcing_SSP2;SSP2;2015;./output/SSP2-NDC_2020-02-04_18.53.40/fulldata.gdx;./output/SSP2-Npi_2020-02-05_18.59.15/fulldata.gdx;./output/SSP2-Base_2020-01-30_16.15.13/fulldata.gdx;./output/SSP2-Budg600_2020-02-06_14.35.52/fulldata.gdx
SSP2-coalExportExit-OECDsplit-1e4-Npi;0;100;parallel;regiCoalExit;export;./config/regionmappingH12.csv;load;1.5;rcp45;3;1;1;0;NPi2018;1;2100;;on;3;off;2050;9;0.09;3;1.05;0;1;1;NPi2018;pop_SSP2;gdp_SSP2;medOil;medGas;medCoal;1;2;1;3;off;SSP2;2;0;forcing_SSP2;SSP2;2015;./config/input.gdx;./output/SSP2-Npi_2020-02-05_18.59.15/fulldata.gdx;./output/SSP2-Base_2020-01-30_16.15.13/fulldata.gdx;./output/SSP2-Budg600_2020-02-06_14.35.52/fulldata.gdx
SSP2-coalImportExit-OECDsplit-1e4-Npi;0;100;parallel;regiCoalExit;import;./config/regionmappingH12.csv;load;1.5;rcp45;3;1;1;0;NPi2018;1;2100;;on;3;off;2050;9;0.09;3;1.05;0;1;1;NPi2018;pop_SSP2;gdp_SSP2;medOil;medGas;medCoal;1;2;1;3;off;SSP2;2;0;forcing_SSP2;SSP2;2015;./config/input.gdx;./output/SSP2-Npi_2020-02-05_18.59.15/fulldata.gdx;./output/SSP2-Base_2020-01-30_16.15.13/fulldata.gdx;./output/SSP2-Budg600_2020-02-06_14.35.52/fulldata.gdx
SSP2-coalSupplyExitBud600-Npi-CAZ;0;100;parallel;regiCoalExit;supplyPLUS;./config/regionmappingH12.csv;load;1.5;rcp45;3;1;1;0;NPi2018;1;2100;;on;3;off;2050;9;0.09;3;1.05;0;1;1;NPi2018;pop_SSP2;gdp_SSP2;medOil;medGas;medCoal;1;2;1;3;off;SSP2;2;0;forcing_SSP2;SSP2;2015;./config/input.gdx;./output/SSP2-Npi_2020-02-05_18.59.15/fulldata.gdx;./output/SSP2-Base_2020-01-30_16.15.13/fulldata.gdx;./output/SSP2-Budg600_2020-02-06_14.35.52/fulldata.gdx
SSP2-coalDemandExitBud600-Npi-JPN;0;100;parallel;regiCoalExit;demandPLUS;./config/regionmappingH12.csv;load;1.5;rcp45;3;1;1;0;NPi2018;1;2100;;on;3;off;2050;9;0.09;3;1.05;0;1;1;NPi2018;pop_SSP2;gdp_SSP2;medOil;medGas;medCoal;1;2;1;3;off;SSP2;2;0;forcing_SSP2;SSP2;2015;./config/input.gdx;./output/SSP2-Npi_2020-02-05_18.59.15/fulldata.gdx;./output/SSP2-Base_2020-01-30_16.15.13/fulldata.gdx;./output/SSP2-Budg600_2020-02-06_14.35.52/fulldata.gdx
SSP2-coalExportExitBud600-Npi-CAZUSA;0;100;parallel;regiCoalExit;exportPLUS;./config/regionmappingH12.csv;load;1.5;rcp45;3;1;1;0;NPi2018;1;2100;;on;3;off;2050;9;0.09;3;1.05;0;1;1;NPi2018;pop_SSP2;gdp_SSP2;medOil;medGas;medCoal;1;2;1;3;off;SSP2;2;0;forcing_SSP2;SSP2;2015;./config/input.gdx;./output/SSP2-Npi_2020-02-05_18.59.15/fulldata.gdx;./output/SSP2-Base_2020-01-30_16.15.13/fulldata.gdx;./output/SSP2-Budg600_2020-02-06_14.35.52/fulldata.gdx
SSP2-coalImportExitBud600-Npi-CHA;0;100;parallel;regiCoalExit;importPLUS;./config/regionmappingH12.csv;load;1.5;rcp45;3;1;1;0;NPi2018;1;2100;;on;3;off;2050;9;0.09;3;1.05;0;1;1;NPi2018;pop_SSP2;gdp_SSP2;medOil;medGas;medCoal;1;2;1;3;off;SSP2;2;0;forcing_SSP2;SSP2;2015;./config/input.gdx;./output/SSP2-Npi_2020-02-05_18.59.15/fulldata.gdx;./output/SSP2-Base_2020-01-30_16.15.13/fulldata.gdx;./output/SSP2-Budg600_2020-02-06_14.35.52/fulldata.gdx
supplyAndPPCA-ppcaregi;1;300;parallel;regiCoalExit;supplyANDPPCA;./config/regionmappingH12.csv;load;1.5;rcp45;3;0;1;0;NPi2018;1;2100;;on;3;off;2050;9;0.09;3;1.05;0;1;1;NPi2018;pop_SSP2;gdp_SSP2;medOil;medGas;medCoal;1;2;1;3;off;SSP2;2;0;forcing_SSP2;SSP2;2015;./output/SSP2-coalDemandExit-PPCAreg5pc-1e4-Npi_2020-02-14_14.25.29/fulldata.gdx;./output/SSP2-Npi_2020-02-05_18.59.15/fulldata.gdx;./output/SSP2-Base_2020-01-30_16.15.13/fulldata.gdx;./output/SSP2-Budg600_2020-02-06_14.35.52/fulldata.gdx
exportAndPPCA-ppcaregi;1;300;parallel;regiCoalExit;exportANDPPCA;./config/regionmappingH12.csv;load;1.5;rcp45;3;0;1;0;NPi2018;1;2100;;on;3;off;2050;9;0.09;3;1.05;0;1;1;NPi2018;pop_SSP2;gdp_SSP2;medOil;medGas;medCoal;1;2;1;3;off;SSP2;2;0;forcing_SSP2;SSP2;2015;./output/SSP2-coalDemandExit-PPCAreg5pc-1e4-Npi_2020-02-14_14.25.29/fulldata.gdx;./output/SSP2-Npi_2020-02-05_18.59.15/fulldata.gdx;./output/SSP2-Base_2020-01-30_16.15.13/fulldata.gdx;./output/SSP2-Budg600_2020-02-06_14.35.52/fulldata.gdx
importAndPPCA-ppcaregi;1;300;parallel;regiCoalExit;importANDPPCA;./config/regionmappingH12.csv;load;1.5;rcp45;3;0;1;0;NPi2018;1;2100;;on;3;off;2050;9;0.09;3;1.05;0;1;1;NPi2018;pop_SSP2;gdp_SSP2;medOil;medGas;medCoal;1;2;1;3;off;SSP2;2;0;forcing_SSP2;SSP2;2015;./output/SSP2-coalDemandExit-PPCAreg5pc-1e4-Npi_2020-02-14_14.25.29/fulldata.gdx;./output/SSP2-Npi_2020-02-05_18.59.15/fulldata.gdx;./output/SSP2-Base_2020-01-30_16.15.13/fulldata.gdx;./output/SSP2-Budg600_2020-02-06_14.35.52/fulldata.gdx
supplyAndPPCA-ppcaregi50pc;1;300;parallel;regiCoalExit;supplyANDPPCA50pc;./config/regionmappingH12.csv;load;1.5;rcp45;3;0;1;0;NPi2018;1;2100;;on;3;off;2050;9;0.09;3;1.05;0;1;1;NPi2018;pop_SSP2;gdp_SSP2;medOil;medGas;medCoal;1;2;1;3;off;SSP2;2;0;forcing_SSP2;SSP2;2015;supplyAndPPCA-ppcaregi;./output/SSP2-Npi_2020-02-05_18.59.15/fulldata.gdx;./output/SSP2-Base_2020-01-30_16.15.13/fulldata.gdx;./output/SSP2-Budg600_2020-02-06_14.35.52/fulldata.gdx
exportAndPPCA-ppcaregi50pc;1;300;parallel;regiCoalExit;exportANDPPCA50pc;./config/regionmappingH12.csv;load;1.5;rcp45;3;0;1;0;NPi2018;1;2100;;on;3;off;2050;9;0.09;3;1.05;0;1;1;NPi2018;pop_SSP2;gdp_SSP2;medOil;medGas;medCoal;1;2;1;3;off;SSP2;2;0;forcing_SSP2;SSP2;2015;exportAndPPCA-ppcaregi;./output/SSP2-Npi_2020-02-05_18.59.15/fulldata.gdx;./output/SSP2-Base_2020-01-30_16.15.13/fulldata.gdx;./output/SSP2-Budg600_2020-02-06_14.35.52/fulldata.gdx
importAndPPCA-ppcaregi50pc;1;300;parallel;regiCoalExit;importANDPPCA50pc;./config/regionmappingH12.csv;load;1.5;rcp45;3;0;1;0;NPi2018;1;2100;;on;3;off;2050;9;0.09;3;1.05;0;1;1;NPi2018;pop_SSP2;gdp_SSP2;medOil;medGas;medCoal;1;2;1;3;off;SSP2;2;0;forcing_SSP2;SSP2;2015;importAndPPCA-ppcaregi;./output/SSP2-Npi_2020-02-05_18.59.15/fulldata.gdx;./output/SSP2-Base_2020-01-30_16.15.13/fulldata.gdx;./output/SSP2-Budg600_2020-02-06_14.35.52/fulldata.gdx
supplyAndPPCA-ppcaregi5pc;1;300;parallel;regiCoalExit;supplyANDPPCA5pc;./config/regionmappingH12.csv;load;1.5;rcp45;3;0;1;0;NPi2018;1;2100;;on;3;off;2050;9;0.09;3;1.05;0;1;1;NPi2018;pop_SSP2;gdp_SSP2;medOil;medGas;medCoal;1;2;1;3;off;SSP2;2;0;forcing_SSP2;SSP2;2015;supplyAndPPCA-ppcaregi50pc;./output/SSP2-Npi_2020-02-05_18.59.15/fulldata.gdx;./output/SSP2-Base_2020-01-30_16.15.13/fulldata.gdx;./output/SSP2-Budg600_2020-02-06_14.35.52/fulldata.gdx
exportAndPPCA-ppcaregi5pc;1;300;parallel;regiCoalExit;exportANDPPCA5pc;./config/regionmappingH12.csv;load;1.5;rcp45;3;0;1;0;NPi2018;1;2100;;on;3;off;2050;9;0.09;3;1.05;0;1;1;NPi2018;pop_SSP2;gdp_SSP2;medOil;medGas;medCoal;1;2;1;3;off;SSP2;2;0;forcing_SSP2;SSP2;2015;exportAndPPCA-ppcaregi50pc;./output/SSP2-Npi_2020-02-05_18.59.15/fulldata.gdx;./output/SSP2-Base_2020-01-30_16.15.13/fulldata.gdx;./output/SSP2-Budg600_2020-02-06_14.35.52/fulldata.gdx
importAndPPCA-ppcaregi5pc;1;300;parallel;regiCoalExit;importANDPPCA5pc;./config/regionmappingH12.csv;load;1.5;rcp45;3;0;1;0;NPi2018;1;2100;;on;3;off;2050;9;0.09;3;1.05;0;1;1;NPi2018;pop_SSP2;gdp_SSP2;medOil;medGas;medCoal;1;2;1;3;off;SSP2;2;0;forcing_SSP2;SSP2;2015;importAndPPCA-ppcaregi50pc;./output/SSP2-Npi_2020-02-05_18.59.15/fulldata.gdx;./output/SSP2-Base_2020-01-30_16.15.13/fulldata.gdx;./output/SSP2-Budg600_2020-02-06_14.35.52/fulldata.gdx
supplyAndDemand-ppcaregi;1;300;parallel;regiCoalExit;supplyANDdemand;./config/regionmappingH12.csv;load;1.5;rcp45;3;0;1;0;NPi2018;1;2100;;on;3;off;2050;9;0.09;3;1.05;0;1;1;NPi2018;pop_SSP2;gdp_SSP2;medOil;medGas;medCoal;1;2;1;3;off;SSP2;2;0;forcing_SSP2;SSP2;2015;./output/SSP2-coalDemandExit-PPCAreg5pc-1e4-Npi_2020-02-14_14.25.29/fulldata.gdx;./output/SSP2-Npi_2020-02-05_18.59.15/fulldata.gdx;./output/SSP2-Base_2020-01-30_16.15.13/fulldata.gdx;./output/SSP2-Budg600_2020-02-06_14.35.52/fulldata.gdx
exportAndDemand-ppcaregi;1;300;parallel;regiCoalExit;exportANDdemand;./config/regionmappingH12.csv;load;1.5;rcp45;3;0;1;0;NPi2018;1;2100;;on;3;off;2050;9;0.09;3;1.05;0;1;1;NPi2018;pop_SSP2;gdp_SSP2;medOil;medGas;medCoal;1;2;1;3;off;SSP2;2;0;forcing_SSP2;SSP2;2015;./output/SSP2-coalDemandExit-PPCAreg5pc-1e4-Npi_2020-02-14_14.25.29/fulldata.gdx;./output/SSP2-Npi_2020-02-05_18.59.15/fulldata.gdx;./output/SSP2-Base_2020-01-30_16.15.13/fulldata.gdx;./output/SSP2-Budg600_2020-02-06_14.35.52/fulldata.gdx
supplyAndDemand-ppcaregi-ppcaregi50pc;1;300;parallel;regiCoalExit;supplyANDdemand50pc;./config/regionmappingH12.csv;load;1.5;rcp45;3;0;1;0;NPi2018;1;2100;;on;3;off;2050;9;0.09;3;1.05;0;1;1;NPi2018;pop_SSP2;gdp_SSP2;medOil;medGas;medCoal;1;2;1;3;off;SSP2;2;0;forcing_SSP2;SSP2;2015;supplyAndDemand-ppcaregi;./output/SSP2-Npi_2020-02-05_18.59.15/fulldata.gdx;./output/SSP2-Base_2020-01-30_16.15.13/fulldata.gdx;./output/SSP2-Budg600_2020-02-06_14.35.52/fulldata.gdx
exportAndDemand-ppcaregi-ppcaregi50pc;1;300;parallel;regiCoalExit;exportANDdemand50pc;./config/regionmappingH12.csv;load;1.5;rcp45;3;0;1;0;NPi2018;1;2100;;on;3;off;2050;9;0.09;3;1.05;0;1;1;NPi2018;pop_SSP2;gdp_SSP2;medOil;medGas;medCoal;1;2;1;3;off;SSP2;2;0;forcing_SSP2;SSP2;2015;exportAndDemand-ppcaregi;./output/SSP2-Npi_2020-02-05_18.59.15/fulldata.gdx;./output/SSP2-Base_2020-01-30_16.15.13/fulldata.gdx;./output/SSP2-Budg600_2020-02-06_14.35.52/fulldata.gdx
supplyAndDemand-ppcaregi-ppcaregi5pc;1;300;parallel;regiCoalExit;supplyANDdemand5pc;./config/regionmappingH12.csv;load;1.5;rcp45;3;0;1;0;NPi2018;1;2100;;on;3;off;2050;9;0.09;3;1.05;0;1;1;NPi2018;pop_SSP2;gdp_SSP2;medOil;medGas;medCoal;1;2;1;3;off;SSP2;2;0;forcing_SSP2;SSP2;2015;supplyAndDemand-ppcaregi50pc;./output/SSP2-Npi_2020-02-05_18.59.15/fulldata.gdx;./output/SSP2-Base_2020-01-30_16.15.13/fulldata.gdx;./output/SSP2-Budg600_2020-02-06_14.35.52/fulldata.gdx
exportAndDemand-ppcaregi-ppcaregi5pc;1;300;parallel;regiCoalExit;exportANDdemand5pc;./config/regionmappingH12.csv;load;1.5;rcp45;3;0;1;0;NPi2018;1;2100;;on;3;off;2050;9;0.09;3;1.05;0;1;1;NPi2018;pop_SSP2;gdp_SSP2;medOil;medGas;medCoal;1;2;1;3;off;SSP2;2;0;forcing_SSP2;SSP2;2015;exportAndDemand-ppcaregi50pc;./output/SSP2-Npi_2020-02-05_18.59.15/fulldata.gdx;./output/SSP2-Base_2020-01-30_16.15.13/fulldata.gdx;./output/SSP2-Budg600_2020-02-06_14.35.52/fulldata.gdx
tradeAndPPCA-ppcaregi;1;300;parallel;regiCoalExit;tradeANDPPCA;./config/regionmappingH12.csv;load;1.5;rcp45;3;0;1;0;NPi2018;1;2100;;on;3;off;2050;9;0.09;3;1.05;0;1;1;NPi2018;pop_SSP2;gdp_SSP2;medOil;medGas;medCoal;1;2;1;3;off;SSP2;2;0;forcing_SSP2;SSP2;2015;importAndPPCA-ppcaregi50pc;./output/SSP2-Npi_2020-02-05_18.59.15/fulldata.gdx;./output/SSP2-Base_2020-01-30_16.15.13/fulldata.gdx;./output/SSP2-Budg600_2020-02-06_14.35.52/fulldata.gdx
tradeAndPPCA-ppcaregi50pc;1;300;parallel;regiCoalExit;tradeANDPPCA50pc;./config/regionmappingH12.csv;load;1.5;rcp45;3;0;1;0;NPi2018;1;2100;;on;3;off;2050;9;0.09;3;1.05;0;1;1;NPi2018;pop_SSP2;gdp_SSP2;medOil;medGas;medCoal;1;2;1;3;off;SSP2;2;0;forcing_SSP2;SSP2;2015;tradeAndPPCA-ppcaregi;./output/SSP2-Npi_2020-02-05_18.59.15/fulldata.gdx;./output/SSP2-Base_2020-01-30_16.15.13/fulldata.gdx;./output/SSP2-Budg600_2020-02-06_14.35.52/fulldata.gdx
tradeAndPPCA-ppcaregi5pc;1;300;parallel;regiCoalExit;tradeANDPPCA5pc;./config/regionmappingH12.csv;load;1.5;rcp45;3;0;1;0;NPi2018;1;2100;;on;3;off;2050;9;0.09;3;1.05;0;1;1;NPi2018;pop_SSP2;gdp_SSP2;medOil;medGas;medCoal;1;2;1;3;off;SSP2;2;0;forcing_SSP2;SSP2;2015;tradeAndPPCA-ppcaregi50pc;./output/SSP2-Npi_2020-02-05_18.59.15/fulldata.gdx;./output/SSP2-Base_2020-01-30_16.15.13/fulldata.gdx;./output/SSP2-Budg600_2020-02-06_14.35.52/fulldata.gdx
AllAndPPCA-ppcaregi;1;300;parallel;regiCoalExit;AllANDPPCA;./config/regionmappingH12.csv;load;1.5;rcp45;3;0;1;0;NPi2018;1;2100;;on;3;off;2050;9;0.09;3;1.05;0;1;1;NPi2018;pop_SSP2;gdp_SSP2;medOil;medGas;medCoal;1;2;1;3;off;SSP2;2;0;forcing_SSP2;SSP2;2015;tradeAndPPCA-ppcaregi5pc;./output/SSP2-Npi_2020-02-05_18.59.15/fulldata.gdx;./output/SSP2-Base_2020-01-30_16.15.13/fulldata.gdx;./output/SSP2-Budg600_2020-02-06_14.35.52/fulldata.gdx
AllAndPPCA-ppcaregi50pc;1;300;parallel;regiCoalExit;AllANDPPCA50pc;./config/regionmappingH12.csv;load;1.5;rcp45;3;0;1;0;NPi2018;1;2100;;on;3;off;2050;9;0.09;3;1.05;0;1;1;NPi2018;pop_SSP2;gdp_SSP2;medOil;medGas;medCoal;1;2;1;3;off;SSP2;2;0;forcing_SSP2;SSP2;2015;tradeAndPPCA-ppcaregi5pc;./output/SSP2-Npi_2020-02-05_18.59.15/fulldata.gdx;./output/SSP2-Base_2020-01-30_16.15.13/fulldata.gdx;./output/SSP2-Budg600_2020-02-06_14.35.52/fulldata.gdx
AllAndPPCA-ppcaregi5pc;1;300;parallel;regiCoalExit;AllANDPPCA5pc;./config/regionmappingH12.csv;load;1.5;rcp45;3;0;1;0;NPi2018;1;2100;;on;3;off;2050;9;0.09;3;1.05;0;1;1;NPi2018;pop_SSP2;gdp_SSP2;medOil;medGas;medCoal;1;2;1;3;off;SSP2;2;0;forcing_SSP2;SSP2;2015;tradeAndPPCA-ppcaregi5pc;./output/SSP2-Npi_2020-02-05_18.59.15/fulldata.gdx;./output/SSP2-Base_2020-01-30_16.15.13/fulldata.gdx;./output/SSP2-Budg600_2020-02-06_14.35.52/fulldata.gdx
